country,sex,sui_per_100k_2016,sui_per_100k_2015,sui_per_100k_2010,sui_per_100k_2000,region,happiness_rank_2015,happiness_score_2015,standard_error,economy_gdp_per_capita_2015,family_2015,health_life_expectancy_2015,freedom_2015,trust_government_corruption_2015,generosity_2015,dystopia_residual_2015,happiness_rank_2016,happiness_score_2016,economy_gdp_per_capita_2016,family_2016,health_life_expectancy_2016,freedom_2016,trust_government_corruption_2016,generosity_2016,dystopia_residual_2016,total_population,total_suicides_2016,total_suicides_2015,economy_gdp_2016,economy_gdp_2015,country_code,latitude,longitude,hdi_rank,human_development_index,life_expectancy_at_birth,expected_years_of_education,mean_years_of_education,gross_national_income_gni_per_capita,gni_per_capita_rank_minus_hdi_rank,gdp_percapita_2015
Afghanistan, Both sexes,6.4,6.6,7.4,8.1,Southern Asia,153,3.58,0.03,0.32,0.3,0.3,0.23,0.1,0.37,1.95,154,3.36,0.38,0.11,0.17,0.16,0.07,0.31,2.15,,,,,,AF,33.94,67.71,171.0,0.46,60.4,9.3,3.2,"1,885",-7.0,578.47
Albania, Both sexes,5.6,5.3,7.7,5.8,Central and Eastern Europe,95,4.96,0.05,0.88,0.8,0.81,0.36,0.06,0.14,1.9,109,4.66,0.96,0.5,0.73,0.32,0.05,0.17,1.93,,,,,,AL,41.15,20.17,85.0,0.73,77.8,11.8,9.3,"9,943",14.0,3952.83
Algeria, Both sexes,3.3,3.4,3.5,4.7,Middle East and Northern Africa,68,5.6,0.05,0.94,1.08,0.62,0.29,0.17,0.08,2.43,38,6.36,1.05,0.83,0.62,0.21,0.16,0.07,3.41,,,,,,DZ,28.03,1.66,83.0,0.74,74.8,14.0,7.6,"13,054",-1.0,4177.89
Angola, Both sexes,8.9,9.3,10.4,13.9,Sub-Saharan Africa,137,4.03,0.05,0.76,0.86,0.17,0.1,0.07,0.12,1.95,141,3.87,0.85,0.66,0.05,0.01,0.08,0.12,2.09,,,,,,AO,-11.2,17.87,149.0,0.53,52.3,11.4,4.7,"6,822",-30.0,4166.98
Argentina, Both sexes,9.1,8.7,8.6,9.5,Latin America and Caribbean,30,6.57,0.05,1.05,1.25,0.79,0.45,0.08,0.11,2.84,26,6.65,1.15,1.07,0.7,0.42,0.07,0.11,3.13,39699624.0,3612.67,3453.87,45708956.08,41823950.88,AR,-38.42,-63.62,40.0,0.84,76.3,17.9,9.8,"22,050",11.0,13789.06
Armenia, Both sexes,5.7,6.0,5.4,3.2,Central and Eastern Europe,127,4.35,0.05,0.77,0.78,0.73,0.2,0.04,0.08,1.76,121,4.36,0.86,0.62,0.64,0.14,0.04,0.08,1.98,2795335.0,159.33,167.72,2406392.09,2147404.3,AM,40.07,45.04,85.0,0.73,74.7,12.3,10.9,"8,124",22.0,3607.3
Australia, Both sexes,11.7,12.2,11.0,12.2,Australia and New Zealand,10,7.28,0.04,1.33,1.31,0.93,0.65,0.36,0.44,2.27,9,7.31,1.44,1.1,0.85,0.57,0.32,0.47,2.55,22240785.0,2602.17,2713.38,32125257.08,29659866.06,AU,-25.27,133.78,2.0,0.94,82.4,20.2,13.0,"42,261",17.0,56748.42
Austria, Both sexes,11.4,11.5,12.2,16.0,Western Europe,13,7.2,0.04,1.34,1.3,0.89,0.62,0.19,0.33,2.53,12,7.12,1.45,1.08,0.81,0.54,0.21,0.33,2.69,8219386.0,937.01,945.23,11921233.07,10991209.54,AT,47.52,14.55,23.0,0.88,81.4,15.7,10.8,"43,869",-5.0,44176.67
Azerbaijan, Both sexes,2.6,2.7,3.0,2.4,Central and Eastern Europe,80,5.21,0.03,1.02,0.94,0.64,0.37,0.16,0.08,2.0,81,5.29,1.12,0.76,0.55,0.35,0.18,0.06,2.27,,,,,,AZ,40.14,47.58,78.0,0.75,70.8,11.9,11.2,"16,428",-11.0,5500.32
Bahrain, Both sexes,5.7,5.7,5.3,7.3,Middle East and Northern Africa,49,5.96,0.05,1.32,1.22,0.75,0.45,0.31,0.17,1.74,42,6.22,1.44,0.94,0.66,0.47,0.26,0.17,2.27,,,,,,BH,25.93,50.64,45.0,0.82,76.6,14.4,9.4,"38,599",-20.0,22688.94
Bangladesh, Both sexes,6.1,6.3,6.6,7.0,Southern Asia,109,4.69,0.03,0.4,0.43,0.6,0.41,0.13,0.21,2.52,110,4.64,0.54,0.25,0.53,0.4,0.13,0.19,2.61,,,,,,BD,23.68,90.36,142.0,0.57,71.6,10.0,5.1,"3,191",5.0,1248.45
Belarus, Both sexes,21.4,21.2,31.9,38.7,Central and Eastern Europe,59,5.81,0.04,1.03,1.23,0.74,0.38,0.19,0.11,2.13,61,5.8,1.13,1.05,0.63,0.29,0.17,0.14,2.39,,,,,,BY,53.71,27.95,50.0,0.8,71.3,15.7,12.0,"16,676",14.0,5949.11
Belgium, Both sexes,15.7,15.2,16.8,18.8,Western Europe,19,6.94,0.04,1.31,1.29,0.9,0.58,0.23,0.22,2.41,18,6.93,1.43,1.05,0.82,0.51,0.26,0.24,2.61,10624356.0,1668.02,1614.9,15143850.8,13894745.26,BE,50.5,4.47,21.0,0.89,80.8,16.3,11.3,"41,187",0.0,40441.05
Benin, Both sexes,15.7,15.7,15.5,15.6,Sub-Saharan Africa,155,3.34,0.04,0.29,0.35,0.32,0.48,0.08,0.18,1.63,153,3.48,0.39,0.1,0.21,0.4,0.07,0.2,2.11,,,,,,BJ,9.31,2.32,166.0,0.48,59.6,11.1,3.3,"1,767",0.0,783.96
Bhutan, Both sexes,11.6,11.9,12.2,16.3,Southern Asia,79,5.25,0.03,0.77,1.1,0.57,0.53,0.15,0.48,1.64,84,5.2,0.85,0.91,0.5,0.46,0.16,0.49,1.83,,,,,,BT,27.51,90.43,132.0,0.6,69.5,12.6,3.0,"7,176",-17.0,2829.89
Bosnia and Herzegovina, Both sexes,6.4,6.6,6.3,9.7,Central and Eastern Europe,96,4.95,0.07,0.83,0.92,0.79,0.09,0.0,0.25,2.06,87,5.16,0.93,0.64,0.71,0.1,0.0,0.3,2.48,,,,,,BA,43.92,17.68,85.0,0.73,76.5,13.6,8.3,"9,638",19.0,4727.28
Botswana, Both sexes,11.5,12.0,13.8,15.3,Sub-Saharan Africa,128,4.33,0.05,0.99,1.1,0.05,0.49,0.12,0.1,1.46,137,3.97,1.09,0.89,0.35,0.44,0.11,0.12,0.97,,,,,,BW,-22.33,24.68,106.0,0.7,64.5,12.5,8.9,"16,646",-41.0,6799.88
Brazil, Both sexes,6.1,6.2,5.7,5.3,Latin America and Caribbean,16,6.98,0.04,0.98,1.23,0.7,0.49,0.18,0.15,3.26,17,6.95,1.09,1.04,0.61,0.4,0.14,0.16,3.51,191087085.0,11656.31,11847.4,207814848.42,187502291.29,BR,-14.24,-51.93,75.0,0.76,74.5,15.2,7.7,"15,175",-1.0,8814.0
Bulgaria, Both sexes,7.9,7.9,8.6,14.3,Central and Eastern Europe,134,4.22,0.05,1.01,1.11,0.77,0.31,0.01,0.12,0.9,129,4.22,1.11,0.93,0.68,0.21,0.01,0.13,1.15,,,,,,BG,42.73,25.49,59.0,0.78,74.2,14.4,10.6,"15,596",13.0,6993.78
Burkina Faso, Both sexes,14.8,14.8,14.5,15.6,Sub-Saharan Africa,152,3.59,0.04,0.26,0.85,0.27,0.39,0.13,0.22,1.46,145,3.74,0.32,0.63,0.21,0.33,0.13,0.24,1.87,,,,,,BF,12.24,-1.56,183.0,0.4,58.7,7.8,1.4,"1,591",-13.0,575.31
Burundi, Both sexes,15.0,14.8,14.9,12.9,Sub-Saharan Africa,157,2.9,0.09,0.02,0.42,0.22,0.12,0.1,0.2,1.83,157,2.9,0.07,0.23,0.16,0.04,0.09,0.2,2.1,,,,,,BI,-3.37,29.92,184.0,0.4,56.7,10.1,2.7,758,1.0,305.55
Cambodia, Both sexes,5.9,5.9,6.3,7.3,Southeastern Asia,145,3.82,0.05,0.46,0.63,0.61,0.66,0.07,0.4,0.98,140,3.91,0.56,0.54,0.42,0.59,0.08,0.4,1.32,,,,,,KH,12.57,104.99,143.0,0.56,68.4,10.9,4.4,"2,949",7.0,1162.9
Cameroon, Both sexes,19.5,19.6,18.7,21.3,Sub-Saharan Africa,133,4.25,0.05,0.42,0.89,0.23,0.49,0.06,0.21,1.95,114,4.51,0.52,0.63,0.13,0.43,0.06,0.23,2.52,,,,,,CM,7.37,12.35,153.0,0.51,55.5,10.4,6.0,"2,803",-1.0,1326.97
Canada, Both sexes,10.4,10.5,11.1,11.6,North America,5,7.43,0.04,1.33,1.32,0.91,0.63,0.33,0.46,2.45,6,7.4,1.44,1.1,0.83,0.57,0.31,0.45,2.7,,,,,,CA,56.13,-106.35,9.0,0.91,82.0,15.9,13.0,"42,155",11.0,43495.05
Chad, Both sexes,15.5,15.7,16.3,15.0,Sub-Saharan Africa,149,3.67,0.04,0.34,0.76,0.15,0.24,0.05,0.18,1.94,144,3.76,0.42,0.63,0.04,0.13,0.05,0.19,2.31,,,,,,TD,15.45,18.73,185.0,0.39,51.6,7.4,1.9,"2,085",-22.0,775.71
Chile, Both sexes,9.7,10.0,11.6,11.1,Latin America and Caribbean,27,6.67,0.06,1.11,1.12,0.86,0.44,0.13,0.33,2.68,24,6.7,1.22,0.91,0.82,0.38,0.11,0.32,2.96,16565725.0,1606.88,1656.57,20155517.61,18340742.43,CL,-35.68,-71.54,42.0,0.83,81.7,15.2,9.8,"21,290",11.0,13574.17
China, Both sexes,8.0,8.1,10.0,14.1,Eastern Asia,84,5.14,0.02,0.89,0.95,0.82,0.52,0.03,0.08,1.86,83,5.24,1.03,0.79,0.74,0.44,0.03,0.05,2.17,,,,,,CN,35.86,104.2,90.0,0.73,75.8,13.1,7.5,"12,547",-7.0,8033.39
Colombia, Both sexes,7.0,8.1,7.1,8.0,Latin America and Caribbean,33,6.48,0.05,0.92,1.24,0.69,0.53,0.05,0.18,2.86,31,6.48,1.03,1.02,0.6,0.45,0.05,0.16,3.17,44490427.0,3114.33,3603.72,45839376.75,40869351.15,CO,4.57,-74.3,97.0,0.72,74.0,13.5,7.3,"12,040",-9.0,6175.88
Comoros, Both sexes,11.1,11.1,11.0,8.8,Sub-Saharan Africa,140,3.96,0.05,0.24,0.79,0.36,0.23,0.2,0.17,1.96,138,3.96,0.28,0.6,0.3,0.15,0.18,0.18,2.26,,,,,,KM,-11.88,43.87,159.0,0.5,63.3,11.5,4.6,"1,456",16.0,1271.06
Costa Rica, Both sexes,7.5,7.5,8.4,7.7,Latin America and Caribbean,12,7.23,0.04,0.96,1.24,0.86,0.63,0.11,0.25,3.18,14,7.09,1.07,1.02,0.76,0.55,0.11,0.23,3.35,,,,,,CR,9.75,-83.75,69.0,0.77,79.4,13.9,8.4,"13,413",10.0,11299.14
Croatia, Both sexes,11.5,12.3,13.3,16.8,Central and Eastern Europe,62,5.76,0.04,1.08,0.8,0.79,0.26,0.02,0.05,2.75,74,5.49,1.19,0.61,0.71,0.24,0.04,0.18,2.52,4001669.0,460.19,492.21,4747940.25,4331966.76,HR,45.1,15.2,47.0,0.82,77.3,14.8,11.0,"19,409",11.0,11780.13
Cyprus, Both sexes,4.5,4.3,4.9,2.1,Western Europe,67,5.69,0.06,1.21,0.89,0.92,0.41,0.06,0.31,1.89,69,5.55,1.32,0.71,0.85,0.3,0.05,0.28,2.04,796037.0,35.82,34.23,1049630.51,961716.18,CY,35.13,33.43,32.0,0.85,80.2,14.0,11.6,"28,633",3.0,23217.48
Denmark, Both sexes,9.2,8.6,9.3,12.7,Western Europe,3,7.53,0.03,1.33,1.36,0.87,0.65,0.48,0.34,2.49,1,7.53,1.44,1.16,0.8,0.58,0.44,0.36,2.74,5383060.0,495.24,462.94,7761188.25,7135138.37,DK,56.26,9.5,4.0,0.92,80.2,18.7,12.7,"44,025",11.0,53254.86
Dominican Republic, Both sexes,10.5,10.2,9.0,10.9,Latin America and Caribbean,98,4.88,0.07,0.9,1.17,0.67,0.58,0.14,0.22,1.21,89,5.16,1.03,0.99,0.58,0.52,0.12,0.21,1.7,,,,,,DO,18.74,-70.16,101.0,0.72,73.5,13.1,7.6,"11,883",-12.0,6691.72
Ecuador, Both sexes,7.2,9.7,8.7,6.3,Latin America and Caribbean,48,5.98,0.05,0.86,1.0,0.79,0.49,0.18,0.12,2.54,51,5.98,0.97,0.86,0.69,0.4,0.18,0.1,2.77,14534024.0,1046.45,1409.8,14142477.39,12557687.42,EC,-1.83,-78.18,88.0,0.73,75.9,14.2,7.6,"10,605",7.0,6124.49
El Salvador, Both sexes,13.5,13.9,11.3,14.8,Latin America and Caribbean,42,6.13,0.06,0.76,1.03,0.68,0.4,0.12,0.11,3.04,46,6.07,0.87,0.81,0.6,0.37,0.11,0.09,3.22,,,,,,SV,13.79,-88.9,116.0,0.67,73.0,12.3,6.5,"7,349",-3.0,3705.58
Estonia, Both sexes,14.4,13.3,14.9,25.4,Central and Eastern Europe,73,5.43,0.04,1.15,1.23,0.77,0.45,0.15,0.09,1.59,72,5.52,1.28,1.05,0.68,0.42,0.19,0.08,1.82,1243450.0,179.06,165.38,1591168.36,1432131.1,EE,58.6,25.01,30.0,0.86,76.8,16.5,12.5,"25,214",12.0,17412.45
Ethiopia, Both sexes,11.4,11.5,12.0,13.7,Sub-Saharan Africa,122,4.51,0.04,0.19,0.6,0.44,0.43,0.15,0.24,2.45,115,4.51,0.29,0.38,0.35,0.37,0.17,0.3,2.66,,,,,,ET,9.14,40.49,174.0,0.44,64.1,8.5,2.4,"1,428",2.0,639.3
Finland, Both sexes,13.8,12.4,16.6,21.6,Western Europe,6,7.41,0.03,1.29,1.32,0.89,0.64,0.41,0.23,2.62,5,7.41,1.41,1.13,0.81,0.57,0.41,0.25,2.83,5181797.0,715.09,642.54,7285502.95,6685813.58,FI,61.92,25.75,24.0,0.88,80.8,17.1,10.3,"38,695",0.0,42494.66
France, Both sexes,12.1,12.5,14.8,16.9,Western Europe,29,6.58,0.04,1.28,1.26,0.95,0.55,0.21,0.12,2.21,32,6.48,1.39,1.01,0.84,0.47,0.18,0.12,2.47,,,,,,FR,46.23,2.21,22.0,0.89,82.2,16.0,11.1,"38,056",4.0,36613.38
Gabon, Both sexes,9.6,9.9,9.2,8.9,Sub-Saharan Africa,143,3.9,0.05,1.06,0.91,0.43,0.32,0.11,0.07,1.0,134,4.12,1.16,0.72,0.35,0.28,0.09,0.06,1.45,,,,,,GA,-0.8,11.61,110.0,0.68,64.4,12.5,7.8,"16,367",-42.0,7381.75
Georgia, Both sexes,6.7,6.7,5.8,5.4,Central and Eastern Europe,130,4.3,0.04,0.74,0.39,0.73,0.41,0.38,0.06,1.6,126,4.25,0.84,0.19,0.64,0.32,0.32,0.07,1.87,3458400.0,231.71,231.71,2897862.53,2565786.96,GE,42.32,43.36,76.0,0.75,74.9,13.8,12.1,"7,164",40.0,3756.38
Germany, Both sexes,9.1,9.3,9.8,11.4,Western Europe,26,6.75,0.02,1.33,1.3,0.89,0.61,0.22,0.28,2.12,16,6.99,1.45,1.1,0.81,0.53,0.29,0.3,2.51,78136683.0,7110.44,7266.71,113131759.22,103759264.09,DE,51.17,10.45,6.0,0.92,80.9,16.5,13.1,"43,919",11.0,41394.66
Ghana, Both sexes,8.7,8.6,7.8,7.2,Sub-Saharan Africa,114,4.63,0.05,0.55,0.68,0.4,0.42,0.04,0.23,2.31,124,4.28,0.63,0.49,0.3,0.41,0.03,0.21,2.2,,,,,,GH,7.95,-1.02,140.0,0.58,61.4,11.5,7.0,"3,852",-1.0,1766.01
Greece, Both sexes,3.8,3.6,2.6,2.9,Western Europe,102,4.86,0.05,1.15,0.93,0.88,0.08,0.01,0.0,1.8,99,5.03,1.25,0.75,0.8,0.06,0.04,0.0,2.13,10331286.0,392.59,371.93,12902329.83,11922923.92,GR,39.07,21.82,29.0,0.86,80.9,17.6,10.3,"24,524",14.0,18167.77
Guatemala, Both sexes,2.9,3.4,3.3,3.9,Latin America and Caribbean,43,6.12,0.05,0.75,1.04,0.64,0.58,0.09,0.27,2.74,39,6.32,0.83,0.87,0.54,0.5,0.09,0.29,3.2,14258397.0,413.49,484.79,11899202.63,10630062.72,GT,15.78,-90.23,128.0,0.63,71.8,10.7,5.6,"6,929",-11.0,3923.57
Guinea, Both sexes,10.5,10.7,11.2,10.6,Sub-Saharan Africa,150,3.66,0.04,0.17,0.46,0.24,0.38,0.12,0.29,1.99,151,3.61,0.22,0.31,0.19,0.31,0.12,0.3,2.16,,,,,,GN,9.95,-9.7,182.0,0.41,58.8,8.7,2.4,"1,096",0.0,769.26
Haiti, Both sexes,12.2,12.2,10.9,10.3,Latin America and Caribbean,119,4.52,0.07,0.27,0.74,0.39,0.24,0.17,0.46,2.24,136,4.03,0.34,0.3,0.27,0.12,0.14,0.48,2.37,,,,,,HT,18.97,-72.29,163.0,0.48,62.8,8.7,4.9,"1,669",4.0,815.73
Honduras, Both sexes,3.4,3.3,3.1,3.3,Latin America and Caribbean,105,4.79,0.06,0.6,0.95,0.7,0.4,0.07,0.23,1.84,104,4.87,0.69,0.76,0.58,0.27,0.07,0.2,2.3,,,,,,HN,15.2,-86.24,131.0,0.61,73.1,11.1,5.5,"3,938",7.0,2286.2
Hungary, Both sexes,13.6,14.7,19.5,26.1,Central and Eastern Europe,104,4.8,0.06,1.12,1.2,0.76,0.32,0.03,0.13,1.24,91,5.14,1.24,0.93,0.68,0.2,0.04,0.1,1.95,9389519.0,1276.97,1380.26,11656336.68,10525087.43,HU,47.16,19.5,44.0,0.83,75.2,15.4,11.6,"22,916",3.0,12503.68
Iceland, Both sexes,13.3,12.9,12.3,16.0,Western Europe,2,7.56,0.05,1.3,1.4,0.95,0.63,0.14,0.44,2.7,3,7.5,1.43,1.18,0.87,0.57,0.15,0.48,2.83,308554.0,41.04,39.8,440201.65,401836.05,IS,64.96,-19.02,16.0,0.9,82.6,19.0,10.6,"35,182",12.0,52428.6
India, Both sexes,16.5,16.7,17.1,18.7,Southern Asia,117,4.57,0.02,0.64,0.38,0.52,0.4,0.08,0.26,2.28,118,4.4,0.74,0.29,0.45,0.4,0.09,0.25,2.18,,,,,,IN,20.59,78.96,130.0,0.61,68.0,11.7,5.4,"5,497",-4.0,1605.61
Indonesia, Both sexes,3.7,3.7,4.0,4.3,Southeastern Asia,74,5.4,0.03,0.83,1.09,0.64,0.47,0.0,0.52,1.86,79,5.31,0.95,0.88,0.49,0.39,0.0,0.57,2.03,,,,,,ID,-0.79,113.92,110.0,0.68,68.9,13.0,7.6,"9,788",-9.0,3331.7
Iraq, Both sexes,4.1,4.1,3.8,3.8,Middle East and Northern Africa,112,4.68,0.05,0.99,0.82,0.6,0.0,0.14,0.18,1.95,112,4.58,1.07,0.59,0.51,0.25,0.14,0.2,1.82,,,,,,IQ,33.22,43.68,121.0,0.65,69.4,10.1,6.4,"14,003",-44.0,4989.8
Ireland, Both sexes,10.9,10.8,11.3,11.8,Western Europe,18,6.94,0.04,1.34,1.37,0.9,0.62,0.29,0.46,1.98,19,6.91,1.48,1.16,0.81,0.54,0.3,0.45,2.16,,,,,,IE,53.41,-8.24,6.0,0.92,80.9,18.6,12.2,"39,568",16.0,61995.42
Israel, Both sexes,5.2,4.8,7.2,7.4,Middle East and Northern Africa,11,7.28,0.03,1.23,1.22,0.91,0.41,0.08,0.33,3.09,11,7.27,1.34,1.0,0.85,0.36,0.09,0.32,3.31,7516180.0,390.84,360.78,10054093.34,9234153.26,IL,31.05,34.85,18.0,0.89,82.4,16.0,12.5,"30,676",16.0,35855.28
Italy, Both sexes,5.5,5.3,5.2,5.8,Western Europe,50,5.95,0.04,1.25,1.2,0.95,0.26,0.03,0.23,2.03,50,5.98,1.35,1.04,0.85,0.19,0.03,0.17,2.35,58117697.0,3196.47,3080.24,78746573.55,72713375.42,IT,41.87,12.57,27.0,0.87,83.1,16.0,10.1,"33,030",4.0,30170.52
Jamaica, Both sexes,2.0,2.0,2.0,2.5,Latin America and Caribbean,65,5.71,0.14,0.81,1.15,0.69,0.5,0.02,0.21,2.32,73,5.51,0.89,0.96,0.59,0.44,0.04,0.22,2.36,,,,,,JM,18.11,-77.3,99.0,0.72,75.7,12.4,9.7,"7,415",13.0,4892.9
Japan, Both sexes,14.3,15.1,19.0,18.8,Eastern Asia,46,5.99,0.04,1.27,1.26,0.99,0.5,0.18,0.11,1.68,53,5.92,1.38,1.06,0.91,0.47,0.19,0.1,1.81,120376310.0,17213.81,18176.82,166127734.14,152966992.17,JP,36.2,138.25,20.0,0.89,83.5,15.3,11.5,"36,927",7.0,34524.47
Jordan, Both sexes,3.7,3.7,3.7,4.8,Middle East and Northern Africa,82,5.19,0.05,0.9,1.05,0.7,0.41,0.14,0.11,1.88,80,5.3,1.0,0.86,0.61,0.36,0.13,0.14,2.2,,,,,,JO,30.59,36.24,80.0,0.75,74.0,13.5,9.9,"11,365",11.0,4097.41
Kazakhstan, Both sexes,22.8,25.2,32.0,34.9,Central and Eastern Europe,54,5.86,0.04,1.12,1.12,0.64,0.52,0.08,0.12,2.25,54,5.92,1.23,0.96,0.57,0.41,0.11,0.15,2.49,15646752.0,3567.46,3942.98,19236586.31,17564104.99,KZ,48.02,66.92,56.0,0.79,69.4,15.0,11.4,"20,867",-1.0,10510.77
Kenya, Both sexes,5.6,5.5,5.7,8.2,Sub-Saharan Africa,125,4.42,0.05,0.36,1.0,0.41,0.42,0.06,0.38,1.79,122,4.36,0.52,0.76,0.3,0.41,0.07,0.41,1.88,,,,,,KE,-0.02,37.91,145.0,0.55,61.6,11.0,6.3,"2,762",9.0,1336.88
Kuwait, Both sexes,2.2,2.2,1.5,1.6,Middle East and Northern Africa,39,6.3,0.04,1.55,1.17,0.72,0.55,0.26,0.16,1.88,41,6.24,1.62,0.88,0.64,0.43,0.24,0.16,2.28,,,,,,KW,29.31,47.48,48.0,0.82,74.4,14.7,7.2,"83,961",-46.0,29869.53
Latvia, Both sexes,17.2,17.3,18.8,29.7,Central and Eastern Europe,89,5.1,0.05,1.11,1.1,0.72,0.3,0.06,0.18,1.62,68,5.56,1.22,0.95,0.64,0.28,0.09,0.17,2.21,1875522.0,322.59,324.47,2284160.73,2087681.05,LV,56.88,24.6,46.0,0.82,74.2,15.2,11.5,"22,281",4.0,13639.69
Lebanon, Both sexes,3.2,3.3,3.2,3.2,Middle East and Northern Africa,103,4.84,0.04,1.03,0.8,0.84,0.34,0.05,0.22,1.57,93,5.13,1.12,0.64,0.76,0.26,0.03,0.24,2.07,,,,,,LB,33.85,35.86,67.0,0.77,79.3,13.8,7.9,"16,509",-1.0,7649.83
Liberia, Both sexes,13.4,12.9,13.2,11.2,Sub-Saharan Africa,116,4.57,0.11,0.07,0.79,0.34,0.29,0.06,0.24,2.78,150,3.62,0.11,0.5,0.23,0.26,0.05,0.24,2.23,,,,,,LR,6.43,-9.43,177.0,0.43,60.9,9.5,4.1,805,7.0,710.38
Libya, Both sexes,5.5,4.6,5.8,6.2,Middle East and Northern Africa,63,5.75,0.08,1.13,1.12,0.7,0.42,0.11,0.18,2.09,67,5.62,1.07,0.95,0.52,0.41,0.1,0.17,2.39,,,,,,LY,26.34,17.23,94.0,0.72,71.6,14.0,7.3,"14,911",-19.0,4337.92
Lithuania, Both sexes,25.7,28.8,31.3,46.3,Central and Eastern Europe,56,5.83,0.04,1.15,1.26,0.73,0.21,0.01,0.03,2.45,60,5.81,1.27,1.06,0.65,0.19,0.02,0.02,2.61,2753926.0,707.76,793.13,3495282.88,3159386.52,LT,55.17,23.88,37.0,0.84,73.3,16.4,12.4,"24,500",7.0,14291.91
Luxembourg, Both sexes,10.4,11.6,10.3,14.1,Western Europe,17,6.95,0.03,1.56,1.22,0.92,0.62,0.38,0.28,1.97,20,6.87,1.7,1.04,0.85,0.55,0.35,0.28,2.11,537748.0,55.93,62.38,912837.98,840989.47,LU,49.82,6.13,19.0,0.89,81.7,13.9,11.7,"58,711",-11.0,100428.37
Madagascar, Both sexes,6.9,7.0,7.7,8.5,Sub-Saharan Africa,147,3.68,0.04,0.21,0.67,0.47,0.19,0.08,0.21,1.85,148,3.7,0.28,0.46,0.37,0.14,0.08,0.22,2.15,,,,,,MG,-18.77,46.87,154.0,0.51,65.1,10.3,6.0,"1,328",24.0,402.09
Malawi, Both sexes,7.8,7.6,8.1,11.9,Sub-Saharan Africa,131,4.29,0.06,0.02,0.41,0.23,0.43,0.07,0.33,2.81,132,4.16,0.09,0.15,0.29,0.41,0.08,0.31,2.83,,,,,,MW,-13.25,34.3,173.0,0.44,62.8,10.8,4.3,747,13.0,380.6
Malaysia, Both sexes,6.2,6.1,6.3,7.4,Southeastern Asia,61,5.77,0.04,1.12,1.07,0.72,0.53,0.11,0.33,1.89,47,6.0,1.25,0.88,0.62,0.39,0.09,0.41,2.35,,,,,,MY,4.21,101.98,62.0,0.78,74.7,12.7,10.0,"22,762",-14.0,9799.37
Mali, Both sexes,8.9,8.9,8.7,9.0,Sub-Saharan Africa,138,4.0,0.06,0.26,1.04,0.21,0.39,0.12,0.19,1.79,135,4.07,0.31,0.86,0.16,0.28,0.14,0.21,2.11,,,,,,ML,17.57,-4.0,179.0,0.42,58.0,8.4,2.0,"1,583",-8.0,751.17
Malta, Both sexes,6.5,7.0,7.0,5.7,Western Europe,37,6.3,0.04,1.21,1.3,0.89,0.6,0.14,0.52,1.65,30,6.49,1.31,1.1,0.8,0.55,0.18,0.56,1.99,410637.0,26.69,28.74,537039.28,495803.11,MT,35.94,14.38,37.0,0.84,80.6,14.4,10.3,"27,930",-1.0,24046.28
Mauritania, Both sexes,7.5,7.4,6.8,6.2,Sub-Saharan Africa,124,4.44,0.04,0.45,0.87,0.36,0.24,0.17,0.22,2.12,130,4.2,0.61,0.84,0.29,0.13,0.18,0.23,1.93,,,,,,MR,21.01,-10.94,156.0,0.51,63.1,8.5,3.8,"3,560",-14.0,1194.31
Mauritius, Both sexes,7.3,8.1,7.7,10.8,Sub-Saharan Africa,71,5.48,0.07,1.01,0.99,0.71,0.56,0.08,0.38,1.76,66,5.65,1.14,0.76,0.66,0.46,0.05,0.37,2.2,1154848.0,84.3,93.54,1320822.75,1163636.39,MU,-20.35,57.55,63.0,0.78,74.4,15.6,8.5,"17,470",0.0,9260.45
Mexico, Both sexes,5.2,5.6,4.8,4.0,Latin America and Caribbean,14,7.19,0.04,1.02,0.91,0.81,0.48,0.21,0.14,3.6,21,6.78,1.12,0.71,0.71,0.38,0.18,0.12,3.56,114357884.0,5946.61,6404.04,127518189.29,116706794.94,MX,23.63,-102.55,74.0,0.76,76.8,13.1,8.5,"16,056",-4.0,9605.95
Mongolia, Both sexes,13.3,13.4,16.1,19.7,Eastern Asia,100,4.87,0.03,0.83,1.3,0.6,0.44,0.03,0.33,1.35,101,4.91,0.99,1.09,0.55,0.36,0.03,0.35,1.54,2167589.0,288.29,290.46,2142726.75,1795175.53,MN,46.86,103.85,90.0,0.73,69.4,14.6,9.3,"10,729",4.0,3918.58
Montenegro, Both sexes,7.9,7.7,8.3,9.4,Central and Eastern Europe,82,5.19,0.05,0.97,0.91,0.73,0.18,0.14,0.16,2.1,88,5.16,1.08,0.74,0.64,0.15,0.13,0.17,2.26,,,,,,ME,42.71,19.37,49.0,0.8,76.2,15.2,11.2,"14,558",27.0,6514.27
Morocco, Both sexes,3.1,3.1,4.1,8.2,Middle East and Northern Africa,92,5.01,0.03,0.73,0.64,0.61,0.42,0.09,0.07,2.45,90,5.15,0.84,0.39,0.59,0.26,0.08,0.04,2.95,,,,,,MA,31.79,-7.09,126.0,0.63,74.0,11.6,4.4,"6,850",-8.0,2875.26
Myanmar, Both sexes,8.1,8.0,7.9,7.9,Southeastern Asia,129,4.31,0.04,0.27,0.71,0.48,0.44,0.19,0.8,1.42,119,4.39,0.34,0.7,0.4,0.43,0.2,0.82,1.51,,,,,,,,,148.0,0.54,65.9,8.6,4.1,"4,608",-12.0,1133.0
Nepal, Both sexes,9.6,10.1,12.2,18.0,Southern Asia,121,4.51,0.04,0.36,0.86,0.57,0.38,0.06,0.32,1.96,107,4.79,0.45,0.7,0.5,0.37,0.07,0.38,2.33,,,,,,NP,28.39,84.12,145.0,0.55,69.6,12.4,3.3,"2,311",16.0,792.55
Netherlands, Both sexes,9.6,9.7,8.2,8.3,Western Europe,7,7.38,0.03,1.33,1.28,0.89,0.62,0.32,0.48,2.47,7,7.34,1.46,1.03,0.81,0.55,0.3,0.47,2.71,16057342.0,1541.5,1557.56,23518867.68,21347272.75,NL,52.13,5.29,5.0,0.92,81.6,17.9,11.9,"45,435",9.0,45175.23
New Zealand, Both sexes,11.6,11.6,12.2,12.7,Australia and New Zealand,9,7.29,0.03,1.25,1.32,0.91,0.64,0.43,0.48,2.26,8,7.33,1.36,1.17,0.83,0.58,0.42,0.49,2.48,,,,,,NZ,-40.9,174.89,9.0,0.91,81.8,19.2,12.5,"32,689",23.0,38559.55
Nicaragua, Both sexes,11.9,11.9,12.4,18.3,Latin America and Caribbean,57,5.83,0.05,0.59,1.14,0.74,0.55,0.19,0.28,2.32,48,5.99,0.69,0.9,0.65,0.47,0.16,0.3,2.82,5476483.0,651.7,651.7,3799802.96,3248923.54,NI,12.87,-85.21,125.0,0.63,74.9,11.5,6.0,"4,457",12.0,2049.85
Niger, Both sexes,9.0,9.1,9.4,8.8,Sub-Saharan Africa,144,3.84,0.04,0.07,0.77,0.3,0.48,0.16,0.19,1.88,142,3.86,0.13,0.61,0.26,0.38,0.17,0.21,2.09,,,,,,NE,17.61,8.08,188.0,0.35,61.4,5.4,1.5,908,-5.0,360.85
Nigeria, Both sexes,17.3,17.5,18.2,18.5,Sub-Saharan Africa,78,5.27,0.04,0.65,0.9,0.16,0.34,0.04,0.27,2.89,103,4.88,0.75,0.64,0.05,0.28,0.03,0.23,2.89,,,,,,NG,9.08,8.68,152.0,0.51,52.8,9.0,5.9,"5,341",-24.0,2730.43
Norway, Both sexes,10.1,10.2,10.6,12.0,Western Europe,4,7.52,0.04,1.46,1.33,0.89,0.67,0.37,0.35,2.47,4,7.5,1.58,1.13,0.8,0.6,0.36,0.38,2.66,4882909.0,493.17,498.06,7702495.97,7124164.23,NO,60.47,8.47,1.0,0.94,81.6,17.5,12.6,"64,992",5.0,74521.57
Pakistan, Both sexes,3.1,3.1,3.3,4.0,Southern Asia,81,5.19,0.04,0.6,0.41,0.51,0.12,0.1,0.34,3.11,92,5.13,0.69,0.26,0.4,0.15,0.14,0.31,3.18,,,,,,PK,30.38,69.35,147.0,0.54,66.2,7.8,4.7,"4,866",-14.0,1356.67
Panama, Both sexes,4.4,4.0,5.3,6.6,Latin America and Caribbean,25,6.79,0.05,1.06,1.2,0.8,0.54,0.09,0.24,2.85,25,6.7,1.18,0.99,0.71,0.49,0.08,0.24,3.01,3583382.0,157.67,143.34,4239355.91,3811034.26,PA,8.54,-80.78,60.0,0.78,77.6,13.3,9.3,"18,192",1.0,13630.31
Paraguay, Both sexes,9.3,9.6,9.3,11.0,Latin America and Caribbean,53,5.88,0.05,0.76,1.3,0.66,0.54,0.08,0.34,2.19,70,5.54,0.89,1.11,0.58,0.46,0.07,0.25,2.16,,,,,,PY,-23.44,-58.44,112.0,0.68,72.9,11.9,7.7,"7,643",-3.0,5406.7
Peru, Both sexes,5.1,5.1,4.9,6.0,Latin America and Caribbean,58,5.82,0.05,0.9,0.97,0.73,0.41,0.06,0.15,2.59,64,5.74,1.0,0.81,0.63,0.38,0.05,0.15,2.73,,,,,,PE,-9.19,-75.02,84.0,0.73,74.6,13.1,9.0,"11,015",8.0,6227.59
Philippines, Both sexes,3.7,3.8,4.0,3.1,Southeastern Asia,90,5.07,0.05,0.71,1.04,0.58,0.63,0.12,0.25,1.75,82,5.28,0.81,0.88,0.47,0.55,0.12,0.22,2.23,,,,,,PH,12.88,121.77,115.0,0.67,68.2,11.3,8.9,"7,915",-7.0,2867.15
Poland, Both sexes,13.4,13.1,15.5,15.2,Central and Eastern Europe,60,5.79,0.04,1.13,1.28,0.78,0.53,0.04,0.17,1.87,57,5.84,1.25,1.05,0.69,0.45,0.06,0.14,2.2,36086575.0,4835.6,4727.34,44958459.46,40617244.49,PL,51.92,19.15,36.0,0.84,77.4,15.5,11.8,"23,177",10.0,12572.32
Portugal, Both sexes,8.6,8.6,8.8,5.3,Western Europe,88,5.1,0.05,1.16,1.14,0.88,0.51,0.01,0.14,1.26,94,5.12,1.28,0.94,0.79,0.45,0.02,0.12,1.53,,,,,,PT,39.4,-8.22,43.0,0.83,80.9,16.3,8.2,"25,757",-2.0,19252.63
Qatar, Both sexes,5.8,5.7,5.1,3.8,Middle East and Northern Africa,28,6.61,0.06,1.69,1.08,0.8,0.64,0.52,0.33,1.56,36,6.38,1.82,0.88,0.72,0.57,0.48,0.32,1.58,2354147.0,136.54,134.19,4294599.75,3979497.17,QA,25.35,51.18,32.0,0.85,78.2,13.8,9.1,"123,124",-31.0,63039.02
Romania, Both sexes,8.0,9.1,11.5,11.7,Central and Eastern Europe,86,5.12,0.07,1.04,0.89,0.77,0.35,0.01,0.14,1.93,71,5.53,1.17,0.73,0.68,0.37,0.01,0.13,2.45,18863927.0,1509.11,1716.62,22065135.41,19683564.63,RO,45.94,24.97,52.0,0.79,74.7,14.2,10.8,"18,108",10.0,8977.5
Rwanda, Both sexes,11.0,11.2,12.5,24.6,Sub-Saharan Africa,154,3.46,0.03,0.22,0.77,0.43,0.59,0.55,0.23,0.67,152,3.52,0.33,0.62,0.32,0.54,0.51,0.24,0.97,,,,,,RW,-1.94,29.87,163.0,0.48,64.2,10.3,3.7,"1,458",11.0,728.08
Saudi Arabia, Both sexes,3.4,3.4,3.8,3.4,Middle East and Northern Africa,35,6.41,0.05,1.4,1.08,0.72,0.31,0.33,0.14,2.44,34,6.38,1.49,0.85,0.59,0.38,0.3,0.15,2.61,,,,,,SA,23.89,45.08,39.0,0.84,74.3,16.3,8.7,"52,821",-27.0,20627.93
Senegal, Both sexes,11.8,12.1,13.1,14.0,Sub-Saharan Africa,142,3.9,0.04,0.36,0.98,0.44,0.37,0.11,0.21,1.44,128,4.22,0.44,0.77,0.4,0.31,0.12,0.19,1.98,,,,,,SN,14.5,-14.45,170.0,0.47,66.5,7.9,2.5,"2,188",-8.0,1218.76
Serbia, Both sexes,10.9,10.6,11.3,16.8,Central and Eastern Europe,87,5.12,0.05,0.92,1.01,0.75,0.2,0.03,0.19,2.02,86,5.18,1.03,0.81,0.65,0.16,0.04,0.21,2.28,6766406.0,737.54,717.24,6998967.37,6228679.72,RS,44.02,21.01,66.0,0.77,74.9,14.4,10.5,"12,190",20.0,5585.12
Sierra Leone, Both sexes,16.1,15.7,16.0,19.2,Sub-Saharan Africa,123,4.51,0.07,0.33,0.96,0.0,0.41,0.09,0.21,2.51,111,4.64,0.36,0.63,0.0,0.31,0.08,0.24,3.01,,,,,,SL,8.46,-11.78,181.0,0.41,50.9,8.6,3.1,"1,780",-16.0,588.23
Singapore, Both sexes,7.9,7.6,8.4,11.7,Southeastern Asia,24,6.8,0.04,1.52,1.02,1.03,0.54,0.49,0.31,1.89,22,6.74,1.65,0.87,0.95,0.49,0.47,0.33,1.99,3719115.0,293.81,282.65,6119989.69,5659972.35,SG,1.35,103.82,11.0,0.91,83.0,15.4,10.6,"76,628",-7.0,55646.62
Slovenia, Both sexes,13.3,14.8,15.5,26.0,Central and Eastern Europe,55,5.85,0.04,1.18,1.27,0.87,0.61,0.04,0.25,1.62,63,5.77,1.3,1.06,0.79,0.53,0.04,0.26,1.8,1954632.0,259.97,289.29,2539985.65,2316199.83,SI,46.15,15.0,25.0,0.88,80.4,16.8,11.9,"27,852",12.0,20887.52
South Africa, Both sexes,12.8,13.1,13.9,14.4,Sub-Saharan Africa,113,4.64,0.05,0.92,1.18,0.28,0.33,0.09,0.12,1.72,116,4.46,1.02,0.96,0.19,0.42,0.08,0.14,1.64,49627460.0,6352.31,6501.2,50826459.43,45681580.66,ZA,-30.56,22.94,116.0,0.67,57.4,13.6,9.9,"12,122",-29.0,5730.93
Spain, Both sexes,6.1,5.7,5.1,6.5,Western Europe,36,6.33,0.03,1.23,1.31,0.96,0.46,0.06,0.18,2.12,37,6.36,1.34,1.13,0.88,0.38,0.06,0.18,2.4,44186528.0,2695.38,2518.63,59321739.44,54354289.96,ES,40.46,-3.75,26.0,0.88,82.6,17.3,9.6,"32,045",7.0,25817.39
Sri Lanka, Both sexes,14.2,14.5,19.2,30.3,Southern Asia,132,4.27,0.04,0.84,1.02,0.71,0.54,0.09,0.41,0.67,117,4.42,0.97,0.85,0.62,0.51,0.08,0.47,0.92,,,,,,LK,7.87,80.77,73.0,0.76,74.9,13.7,10.8,"9,779",29.0,3843.78
Sudan, Both sexes,9.5,9.5,9.5,9.5,Sub-Saharan Africa,118,4.55,0.07,0.52,1.01,0.37,0.1,0.15,0.19,2.21,133,4.14,0.63,0.82,0.3,0.0,0.1,0.18,2.11,,,,,,SD,12.86,30.22,167.0,0.48,63.5,7.0,3.1,"3,809",-27.0,2486.75
Suriname, Both sexes,23.2,24.4,28.3,26.4,Latin America and Caribbean,40,6.27,0.1,1.0,0.97,0.61,0.6,0.14,0.17,2.79,40,6.27,1.1,0.78,0.51,0.52,0.13,0.17,3.07,,,,,,SR,3.92,-56.03,103.0,0.71,71.1,12.7,7.7,"15,617",-32.0,8561.97
Sweden, Both sexes,11.7,12.3,12.0,12.2,Western Europe,8,7.36,0.03,1.33,1.29,0.91,0.66,0.44,0.36,2.37,10,7.29,1.45,1.09,0.83,0.58,0.41,0.38,2.55,9114524.0,1066.4,1121.09,13232557.09,12137902.76,SE,60.13,18.64,14.0,0.91,82.2,15.8,12.1,"45,636",-1.0,50832.55
Switzerland, Both sexes,11.3,11.4,11.3,16.8,Western Europe,1,7.59,0.03,1.4,1.35,0.94,0.67,0.42,0.3,2.52,2,7.51,1.53,1.15,0.86,0.59,0.41,0.28,2.69,7892502.0,891.85,899.75,12054455.08,11021957.97,CH,46.82,8.23,3.0,0.93,83.0,15.8,12.8,"56,431",6.0,82081.6
Tajikistan, Both sexes,3.3,3.4,3.4,4.2,Central and Eastern Europe,106,4.79,0.03,0.39,0.86,0.57,0.47,0.15,0.23,2.11,100,5.0,0.49,0.76,0.53,0.43,0.14,0.26,2.39,,,,,,TJ,38.86,71.28,129.0,0.62,69.4,11.2,10.4,"2,517",27.0,929.1
Thailand, Both sexes,12.9,13.1,13.0,15.9,Southeastern Asia,34,6.46,0.04,0.97,1.27,0.74,0.56,0.03,0.58,2.32,33,6.47,1.09,1.04,0.65,0.5,0.03,0.59,2.58,61261276.0,7902.7,8025.23,66731907.95,59233527.76,TH,15.87,100.99,93.0,0.73,74.4,13.5,7.3,"13,323",-13.0,5840.05
Togo, Both sexes,16.6,16.3,16.9,17.2,Sub-Saharan Africa,158,2.84,0.07,0.21,0.14,0.28,0.36,0.11,0.17,1.57,155,3.3,0.28,0.0,0.25,0.35,0.12,0.18,2.14,,,,,,TG,8.62,0.82,162.0,0.48,59.7,12.2,4.5,"1,228",17.0,570.68
Trinidad and Tobago, Both sexes,12.9,12.8,13.5,15.2,Latin America and Caribbean,41,6.17,0.11,1.21,1.18,0.61,0.56,0.01,0.32,2.27,43,6.17,1.33,0.99,0.53,0.48,0.01,0.32,2.51,,,,,,TT,10.69,-61.22,64.0,0.77,70.4,12.3,10.9,"26,090",-25.0,18332.49
Tunisia, Both sexes,3.2,3.3,3.6,3.8,Middle East and Northern Africa,107,4.74,0.04,0.88,0.6,0.74,0.26,0.06,0.06,2.12,98,5.04,0.98,0.43,0.6,0.24,0.08,0.04,2.68,,,,,,TN,33.89,9.54,96.0,0.72,74.8,14.6,6.8,"10,404",1.0,3859.81
Turkey, Both sexes,7.2,7.2,8.1,7.3,Middle East and Northern Africa,76,5.33,0.04,1.06,0.95,0.73,0.23,0.16,0.12,2.09,78,5.39,1.16,0.88,0.65,0.24,0.12,0.05,2.29,71880464.0,5175.39,5175.39,83734990.12,76263734.69,TR,38.96,35.24,72.0,0.76,75.3,14.5,7.6,"18,677",-12.0,10948.72
Turkmenistan, Both sexes,7.2,7.5,7.7,9.9,Central and Eastern Europe,70,5.55,0.04,0.96,1.23,0.54,0.48,0.31,0.17,1.87,65,5.66,1.08,1.04,0.44,0.37,0.28,0.23,2.21,4886514.0,351.83,366.49,5278265.83,4683577.07,TM,38.97,59.56,109.0,0.69,65.6,10.8,9.9,"13,066",-28.0,6432.68
Uganda, Both sexes,20.0,20.2,21.8,22.8,Sub-Saharan Africa,141,3.93,0.04,0.21,1.13,0.34,0.46,0.07,0.29,1.43,145,3.74,0.35,0.91,0.2,0.44,0.06,0.27,1.51,,,,,,UG,1.37,32.29,163.0,0.48,58.5,9.8,5.4,"1,613",6.0,709.02
Ukraine, Both sexes,18.5,19.0,22.6,32.0,Central and Eastern Europe,111,4.68,0.04,0.8,1.2,0.67,0.25,0.03,0.15,1.57,123,4.32,0.87,1.01,0.59,0.13,0.02,0.2,1.5,40345446.0,7463.91,7665.63,35216329.45,32238835.54,UA,48.38,31.17,81.0,0.75,71.0,15.1,11.3,"8,178",25.0,2124.66
United Arab Emirates, Both sexes,2.7,2.7,2.8,3.4,Middle East and Northern Africa,20,6.9,0.04,1.43,1.13,0.81,0.64,0.39,0.26,2.25,28,6.57,1.57,0.87,0.73,0.56,0.36,0.27,2.22,,,,,,AE,23.42,53.85,41.0,0.84,77.0,13.3,9.5,"60,868",-34.0,38663.38
United States of America, Both sexes,13.7,13.3,11.8,10.1,North America,15,7.12,0.04,1.39,1.25,0.86,0.55,0.16,0.4,2.51,13,7.1,1.51,1.05,0.78,0.48,0.15,0.41,2.73,300078511.0,41110.76,39910.44,452506391.45,418462484.37,US,37.09,-95.71,8.0,0.92,79.1,16.5,12.9,"52,947",3.0,56803.47
Uruguay, Both sexes,16.5,17.4,14.9,15.9,Latin America and Caribbean,32,6.48,0.05,1.06,1.21,0.81,0.6,0.25,0.23,2.32,29,6.54,1.18,1.03,0.72,0.54,0.21,0.18,2.67,3190795.0,526.48,555.2,3770147.65,3387539.42,UY,-32.52,-55.77,52.0,0.79,77.2,15.5,8.5,"19,283",7.0,15613.76
Uzbekistan, Both sexes,7.4,7.4,6.0,9.1,Central and Eastern Europe,44,6.0,0.04,0.63,1.34,0.6,0.66,0.31,0.23,2.24,49,5.99,0.74,1.17,0.5,0.61,0.28,0.34,2.35,,,,,,UZ,41.38,64.59,114.0,0.68,68.4,11.5,10.9,"5,567",10.0,2615.03
Zambia, Both sexes,11.3,11.2,11.5,14.1,Sub-Saharan Africa,85,5.13,0.07,0.47,0.92,0.3,0.49,0.12,0.2,2.63,106,4.8,0.61,0.64,0.24,0.43,0.11,0.18,2.59,,,,,,ZM,-13.13,27.85,139.0,0.59,60.1,13.5,6.6,"3,734",2.0,1332.19
Zimbabwe, Both sexes,19.1,18.9,20.6,21.7,Sub-Saharan Africa,115,4.61,0.04,0.27,1.03,0.33,0.26,0.08,0.19,2.44,131,4.19,0.35,0.71,0.16,0.25,0.09,0.19,2.44,,,,,,ZW,-19.02,29.15,155.0,0.51,57.5,10.9,7.3,"1,615",13.0,1445.07
